{
  "cacheBootResources": false,
  "config": [ ],
  "debugBuild": false,
  "entryAssembly": "myblazorpwa",
  "linkerEnabled": true,
  "resources": {
    "assembly": {
      "Microsoft.AspNetCore.Blazor.HttpClient.dll": "sha256-Ftb2iK4fmedxSpCGC4XbxW3sgUeuPqy5xBx0wlhYbAE=",
      "Microsoft.AspNetCore.Components.dll": "sha256-aDLsEgOWlJVlWo44L0SyhmeIKEebuWmhOvzqOXSl5lI=",
      "Microsoft.AspNetCore.Components.Web.dll": "sha256-+\/PxWteWU8TX7cXQ\/w6j5pq1nLvybQSplOj6Hw0so\/M=",
      "Microsoft.AspNetCore.Components.WebAssembly.dll": "sha256-HuWZDxT\/qbTzSZDveDe7wQ40FvClMxqOkM3\/bTai3\/Q=",
      "Microsoft.Bcl.AsyncInterfaces.dll": "sha256-jzHgXWAvWMkKIGFjZoT84tbe72E+H7CvTr\/Dryh4QPs=",
      "Microsoft.Extensions.Configuration.Abstractions.dll": "sha256-lWHFes\/f5kgLawvQfFKlOPZ1vxgQhtSP4aF8eTLJCiA=",
      "Microsoft.Extensions.Configuration.dll": "sha256-QUoHJ97WS+QGXMxqlxhiFwDYgMUhma27bRCGZLibZqQ=",
      "Microsoft.Extensions.Configuration.Json.dll": "sha256-5jnBnyrA5rsJU0GD2218ZehwtUNBSgdjE5+4bEGuIiI=",
      "Microsoft.Extensions.DependencyInjection.Abstractions.dll": "sha256-Dta91LGnKwCHQVdRXjLQh1UYMEtOLoW2LVOdj45qUVM=",
      "Microsoft.Extensions.DependencyInjection.dll": "sha256-M77ewwKrpNOY4ZTDqU6P5yICnDbcI8Ouxe9BUanlJSA=",
      "Microsoft.Extensions.Logging.Abstractions.dll": "sha256-JIqH3DPSnMcwt6+8daq9yYueSJAUr4XboFAlsmhx5Rw=",
      "Microsoft.Extensions.Primitives.dll": "sha256-STuGTtd5HZF6nhPiRC3NiuB9aZmNn7MVthVQUR+c3x4=",
      "Microsoft.JSInterop.dll": "sha256-CJ0jnf2G21cOvZYQt\/4NVkv642Xz8fLQyPnHvcfP3D4=",
      "Microsoft.JSInterop.WebAssembly.dll": "sha256-DzwRh28B7P\/hxbem8OsEmaQXHO8\/KeQ+InYtTbBIyzU=",
      "mscorlib.dll": "sha256-fUcOG8h2iIOm6xhrrHKVj\/+0wC2Ntx3FXAFD2WQf7mE=",
      "myblazorpwa.dll": "sha256-xn5xm8JZ0kBO+Ho4D70GGf7qD26ynEH79EJBNUKCfAA=",
      "System.Core.dll": "sha256-GnqYlrCp+t1nj0j5I9sC831KydJhkWhkA4+y3s1APAU=",
      "System.dll": "sha256-C6YB\/+RFSlaSi67frvnlSptrRCMdcitGrMhJW5O6o+o=",
      "System.Net.Http.dll": "sha256-KUbVwvlLRga09tqM8qJLwWCV8o6SSVUJhGhTAoTyXa4=",
      "System.Runtime.CompilerServices.Unsafe.dll": "sha256-QXjxk5jVMoc6n2O\/j9i8UiulgUCVcNrFqd3zbt54kOw=",
      "System.Text.Encodings.Web.dll": "sha256-er5l7W1F+P6TQr+ZmjqV4wFP3fBne5kSJyWigWFwgLE=",
      "System.Text.Json.dll": "sha256-JloVbaAQBu8a5zrPoOXPuqcYzQpEGIXRQga7IconfuE=",
      "WebAssembly.Bindings.dll": "sha256-oalIewJT5Z4dqjxX2f8xsFiQysGk5pPLx1MjpcXeVmY=",
      "WebAssembly.Net.Http.dll": "sha256-5DJMqYnxhno6y6G\/LMaJoGG+VTr2w2R6JBPPBbLiJvs="
    },
    "runtime": {
      "dotnet.3.2.0-preview3.20168.1.js": "sha256-274clLanSGrn5tb3h9iFyKyVG0KYG2Um+VHF0kdNzHE=",
      "dotnet.wasm": "sha256-JMG2FGgTy70oSWAVIpQcblmNZtV\/DaEaIZEaROjE7Eo="
    }
  }
}